id,treatment,genotype,sex,day,session,rot_latency,pre_post
7,eda,wt,m,1,1,122.2,pre
7,eda,wt,m,1,2,132.7,pre
7,eda,wt,m,1,3,194.8,pre
7,eda,wt,m,1,4,193,pre
7,eda,wt,m,2,1,131.1,pre
7,eda,wt,m,2,2,166.8,pre
7,eda,wt,m,2,3,181,pre
7,eda,wt,m,2,4,100.6,pre
7,eda,wt,m,3,1,146.8,pre
7,eda,wt,m,3,2,197.2,pre
7,eda,wt,m,3,3,218.5,pre
7,eda,wt,m,3,4,164.5,pre
9,ctrl,wt,m,1,1,57.1,pre
9,ctrl,wt,m,1,2,121.4,pre
9,ctrl,wt,m,1,3,105.1,pre
9,ctrl,wt,m,1,4,142.9,pre
9,ctrl,wt,m,2,1,48.6,pre
9,ctrl,wt,m,2,2,101.8,pre
9,ctrl,wt,m,2,3,157.1,pre
9,ctrl,wt,m,2,4,159.2,pre
9,ctrl,wt,m,3,1,190.5,pre
9,ctrl,wt,m,3,2,95.3,pre
9,ctrl,wt,m,3,3,173.8,pre
9,ctrl,wt,m,3,4,150,pre
11,ctrl,wt,f,1,1,80.7,pre
11,ctrl,wt,f,1,2,27.8,pre
11,ctrl,wt,f,1,3,65.6,pre
11,ctrl,wt,f,1,4,66.3,pre
11,ctrl,wt,f,2,1,98.7,pre
11,ctrl,wt,f,2,2,114.3,pre
11,ctrl,wt,f,2,3,127.9,pre
11,ctrl,wt,f,2,4,126.1,pre
11,ctrl,wt,f,3,1,123.9,pre
11,ctrl,wt,f,3,2,146,pre
11,ctrl,wt,f,3,3,147.8,pre
11,ctrl,wt,f,3,4,143.2,pre
12,eda,wt,f,1,1,90.6,pre
12,eda,wt,f,1,2,120.8,pre
12,eda,wt,f,1,3,132,pre
12,eda,wt,f,1,4,168.8,pre
12,eda,wt,f,2,1,118.9,pre
12,eda,wt,f,2,2,185,pre
12,eda,wt,f,2,3,208.6,pre
12,eda,wt,f,2,4,197.1,pre
12,eda,wt,f,3,1,120.6,pre
12,eda,wt,f,3,2,129.4,pre
12,eda,wt,f,3,3,214.9,pre
12,eda,wt,f,3,4,165.5,pre
13,eda,sca,m,1,1,133.8,pre
13,eda,sca,m,1,2,109.1,pre
13,eda,sca,m,1,3,167.3,pre
13,eda,sca,m,1,4,174.9,pre
13,eda,sca,m,2,1,175.9,pre
13,eda,sca,m,2,2,164.6,pre
13,eda,sca,m,2,3,155.5,pre
13,eda,sca,m,2,4,162.2,pre
13,eda,sca,m,3,1,160.7,pre
13,eda,sca,m,3,2,176.4,pre
13,eda,sca,m,3,3,132.4,pre
13,eda,sca,m,3,4,198.6,pre
14,eda,wt,m,1,1,29.9,pre
14,eda,wt,m,1,2,30.7,pre
14,eda,wt,m,1,3,41.1,pre
14,eda,wt,m,1,4,80.5,pre
14,eda,wt,m,2,1,96.3,pre
14,eda,wt,m,2,2,141.8,pre
14,eda,wt,m,2,3,109.6,pre
14,eda,wt,m,2,4,112.9,pre
14,eda,wt,m,3,1,125.9,pre
14,eda,wt,m,3,2,186.2,pre
14,eda,wt,m,3,3,204.3,pre
14,eda,wt,m,3,4,153,pre
15,ctrl,sca,f,1,1,46.6,pre
15,ctrl,sca,f,1,2,54.6,pre
15,ctrl,sca,f,1,3,52.4,pre
15,ctrl,sca,f,1,4,72.7,pre
15,ctrl,sca,f,2,1,50.1,pre
15,ctrl,sca,f,2,2,41.1,pre
15,ctrl,sca,f,2,3,47.9,pre
15,ctrl,sca,f,2,4,50.2,pre
15,ctrl,sca,f,3,1,84.8,pre
15,ctrl,sca,f,3,2,55,pre
15,ctrl,sca,f,3,3,57.6,pre
15,ctrl,sca,f,3,4,58.7,pre
16,ctrl,wt,f,1,1,43.4,pre
16,ctrl,wt,f,1,2,79.1,pre
16,ctrl,wt,f,1,3,73.5,pre
16,ctrl,wt,f,1,4,122.6,pre
16,ctrl,wt,f,2,1,135.4,pre
16,ctrl,wt,f,2,2,111.6,pre
16,ctrl,wt,f,2,3,138.1,pre
16,ctrl,wt,f,2,4,142.5,pre
16,ctrl,wt,f,3,1,149,pre
16,ctrl,wt,f,3,2,47.5,pre
16,ctrl,wt,f,3,3,192.9,pre
16,ctrl,wt,f,3,4,169.7,pre
18,ctrl,sca,m,1,1,93.9,pre
18,ctrl,sca,m,1,2,69,pre
18,ctrl,sca,m,1,3,82.3,pre
18,ctrl,sca,m,1,4,84.9,pre
18,ctrl,sca,m,2,1,68.9,pre
18,ctrl,sca,m,2,2,113.2,pre
18,ctrl,sca,m,2,3,139.4,pre
18,ctrl,sca,m,2,4,116.6,pre
18,ctrl,sca,m,3,1,106.3,pre
18,ctrl,sca,m,3,2,120.7,pre
18,ctrl,sca,m,3,3,95.8,pre
18,ctrl,sca,m,3,4,163.8,pre
19,eda,sca,f,1,1,123.4,pre
19,eda,sca,f,1,2,149.4,pre
19,eda,sca,f,1,3,161.9,pre
19,eda,sca,f,1,4,158.6,pre
19,eda,sca,f,2,1,99.7,pre
19,eda,sca,f,2,2,177.1,pre
19,eda,sca,f,2,3,49.7,pre
19,eda,sca,f,2,4,192,pre
19,eda,sca,f,3,1,192.7,pre
19,eda,sca,f,3,2,161,pre
19,eda,sca,f,3,3,193.2,pre
19,eda,sca,f,3,4,174.3,pre
20,ctrl,sca,f,1,1,110.8,pre
20,ctrl,sca,f,1,2,170.9,pre
20,ctrl,sca,f,1,3,166.9,pre
20,ctrl,sca,f,1,4,86.2,pre
20,ctrl,sca,f,2,1,137.7,pre
20,ctrl,sca,f,2,2,138.7,pre
20,ctrl,sca,f,2,3,46.3,pre
20,ctrl,sca,f,2,4,156,pre
20,ctrl,sca,f,3,1,157.6,pre
20,ctrl,sca,f,3,2,148.5,pre
20,ctrl,sca,f,3,3,122.2,pre
20,ctrl,sca,f,3,4,122.1,pre
21,eda,wt,f,1,1,115.1,pre
21,eda,wt,f,1,2,73.7,pre
21,eda,wt,f,1,3,78.2,pre
21,eda,wt,f,1,4,149.7,pre
21,eda,wt,f,2,1,90.6,pre
21,eda,wt,f,2,2,217.3,pre
21,eda,wt,f,2,3,193.5,pre
21,eda,wt,f,2,4,221.3,pre
21,eda,wt,f,3,1,288,pre
21,eda,wt,f,3,2,210.2,pre
21,eda,wt,f,3,3,299.2,pre
21,eda,wt,f,3,4,224.8,pre
23,ctrl,wt,m,1,1,86.4,pre
23,ctrl,wt,m,1,2,76.2,pre
23,ctrl,wt,m,1,3,139.8,pre
23,ctrl,wt,m,1,4,72,pre
23,ctrl,wt,m,2,1,160.3,pre
23,ctrl,wt,m,2,2,190.3,pre
23,ctrl,wt,m,2,3,154.9,pre
23,ctrl,wt,m,2,4,114.2,pre
23,ctrl,wt,m,3,1,193.9,pre
23,ctrl,wt,m,3,2,230.2,pre
23,ctrl,wt,m,3,3,233.2,pre
23,ctrl,wt,m,3,4,171.3,pre
24,ctrl,wt,m,1,1,91.8,pre
24,ctrl,wt,m,1,2,67.7,pre
24,ctrl,wt,m,1,3,105.5,pre
24,ctrl,wt,m,1,4,135.1,pre
24,ctrl,wt,m,2,1,128.7,pre
24,ctrl,wt,m,2,2,135.4,pre
24,ctrl,wt,m,2,3,167.6,pre
24,ctrl,wt,m,2,4,168.5,pre
24,ctrl,wt,m,3,1,136.2,pre
24,ctrl,wt,m,3,2,152.1,pre
24,ctrl,wt,m,3,3,82.5,pre
24,ctrl,wt,m,3,4,141.2,pre
25,eda,wt,m,1,1,27.8,pre
25,eda,wt,m,1,2,63.3,pre
25,eda,wt,m,1,3,67.1,pre
25,eda,wt,m,1,4,71.9,pre
25,eda,wt,m,2,1,81.3,pre
25,eda,wt,m,2,2,102.8,pre
25,eda,wt,m,2,3,115.3,pre
25,eda,wt,m,2,4,104.3,pre
25,eda,wt,m,3,1,103.5,pre
25,eda,wt,m,3,2,114.4,pre
25,eda,wt,m,3,3,127.9,pre
25,eda,wt,m,3,4,112.7,pre
26,eda,wt,m,1,1,15.2,pre
26,eda,wt,m,1,2,59,pre
26,eda,wt,m,1,3,35.3,pre
26,eda,wt,m,1,4,47.2,pre
26,eda,wt,m,2,1,120.7,pre
26,eda,wt,m,2,2,34.6,pre
26,eda,wt,m,2,3,118.4,pre
26,eda,wt,m,2,4,127.1,pre
26,eda,wt,m,3,1,182.1,pre
26,eda,wt,m,3,2,189.5,pre
26,eda,wt,m,3,3,144.4,pre
26,eda,wt,m,3,4,162.7,pre
28,ctrl,sca,f,1,1,115.7,pre
28,ctrl,sca,f,1,2,137,pre
28,ctrl,sca,f,1,3,112.8,pre
28,ctrl,sca,f,1,4,115.9,pre
28,ctrl,sca,f,2,1,53.7,pre
28,ctrl,sca,f,2,2,68.5,pre
28,ctrl,sca,f,2,3,130.2,pre
28,ctrl,sca,f,2,4,100.6,pre
28,ctrl,sca,f,3,1,81,pre
28,ctrl,sca,f,3,2,87.4,pre
28,ctrl,sca,f,3,3,123.8,pre
28,ctrl,sca,f,3,4,144.2,pre
29,ctrl,wt,f,1,1,126.5,pre
29,ctrl,wt,f,1,2,163.5,pre
29,ctrl,wt,f,1,3,129.4,pre
29,ctrl,wt,f,1,4,102.3,pre
29,ctrl,wt,f,2,1,151.3,pre
29,ctrl,wt,f,2,2,133.4,pre
29,ctrl,wt,f,2,3,106.9,pre
29,ctrl,wt,f,2,4,121.3,pre
29,ctrl,wt,f,3,1,128.8,pre
29,ctrl,wt,f,3,2,136.1,pre
29,ctrl,wt,f,3,3,141.5,pre
29,ctrl,wt,f,3,4,124.6,pre
30,eda,wt,f,1,1,195.4,pre
30,eda,wt,f,1,2,205.2,pre
30,eda,wt,f,1,3,147.5,pre
30,eda,wt,f,1,4,183.7,pre
30,eda,wt,f,2,1,157.7,pre
30,eda,wt,f,2,2,224.5,pre
30,eda,wt,f,2,3,258.1,pre
30,eda,wt,f,2,4,178.9,pre
30,eda,wt,f,3,1,177,pre
30,eda,wt,f,3,2,203.9,pre
30,eda,wt,f,3,3,223.3,pre
30,eda,wt,f,3,4,192.7,pre
31,eda,sca,f,1,1,125.7,pre
31,eda,sca,f,1,2,61.8,pre
31,eda,sca,f,1,3,146.8,pre
31,eda,sca,f,1,4,149.4,pre
31,eda,sca,f,2,1,112.2,pre
31,eda,sca,f,2,2,169.5,pre
31,eda,sca,f,2,3,158.4,pre
31,eda,sca,f,2,4,202,pre
31,eda,sca,f,3,1,143,pre
31,eda,sca,f,3,2,191,pre
31,eda,sca,f,3,3,257.2,pre
31,eda,sca,f,3,4,204,pre
32,eda,wt,f,1,1,93.4,pre
32,eda,wt,f,1,2,97,pre
32,eda,wt,f,1,3,85.1,pre
32,eda,wt,f,1,4,106.3,pre
32,eda,wt,f,2,1,105.7,pre
32,eda,wt,f,2,2,134.4,pre
32,eda,wt,f,2,3,137.7,pre
32,eda,wt,f,2,4,102.1,pre
32,eda,wt,f,3,1,103,pre
32,eda,wt,f,3,2,163.4,pre
32,eda,wt,f,3,3,146.6,pre
32,eda,wt,f,3,4,151.4,pre
33,eda,sca,f,1,1,83.1,pre
33,eda,sca,f,1,2,108.1,pre
33,eda,sca,f,1,3,91.4,pre
33,eda,sca,f,1,4,120.8,pre
33,eda,sca,f,2,1,106.3,pre
33,eda,sca,f,2,2,145.8,pre
33,eda,sca,f,2,3,90.1,pre
33,eda,sca,f,2,4,140.9,pre
33,eda,sca,f,3,1,129.6,pre
33,eda,sca,f,3,2,144.2,pre
33,eda,sca,f,3,3,132,pre
33,eda,sca,f,3,4,159.3,pre
36,eda,sca,m,1,1,110.2,pre
36,eda,sca,m,1,2,127.4,pre
36,eda,sca,m,1,3,107,pre
36,eda,sca,m,1,4,105.8,pre
36,eda,sca,m,2,1,98.2,pre
36,eda,sca,m,2,2,121.1,pre
36,eda,sca,m,2,3,65,pre
36,eda,sca,m,2,4,149,pre
36,eda,sca,m,3,1,105.1,pre
36,eda,sca,m,3,2,113,pre
36,eda,sca,m,3,3,133.7,pre
36,eda,sca,m,3,4,59.7,pre
37,ctrl,sca,m,1,1,41.6,pre
37,ctrl,sca,m,1,2,90,pre
37,ctrl,sca,m,1,3,165.5,pre
37,ctrl,sca,m,1,4,125.9,pre
37,ctrl,sca,m,2,1,118.7,pre
37,ctrl,sca,m,2,2,153.3,pre
37,ctrl,sca,m,2,3,140.7,pre
37,ctrl,sca,m,2,4,107.6,pre
37,ctrl,sca,m,3,1,77.8,pre
37,ctrl,sca,m,3,2,122.4,pre
37,ctrl,sca,m,3,3,132.5,pre
37,ctrl,sca,m,3,4,183.9,pre
38,ctrl,sca,m,1,1,127.6,pre
38,ctrl,sca,m,1,2,129.8,pre
38,ctrl,sca,m,1,3,174.7,pre
38,ctrl,sca,m,1,4,80.1,pre
38,ctrl,sca,m,2,1,97.2,pre
38,ctrl,sca,m,2,2,76.4,pre
38,ctrl,sca,m,2,3,53.1,pre
38,ctrl,sca,m,2,4,65.8,pre
38,ctrl,sca,m,3,1,95.2,pre
38,ctrl,sca,m,3,2,143.1,pre
38,ctrl,sca,m,3,3,145.7,pre
38,ctrl,sca,m,3,4,164.9,pre
39,ctrl,sca,m,1,1,148.5,pre
39,ctrl,sca,m,1,2,160.7,pre
39,ctrl,sca,m,1,3,210.2,pre
39,ctrl,sca,m,1,4,178.3,pre
39,ctrl,sca,m,2,1,116.6,pre
39,ctrl,sca,m,2,2,198.1,pre
39,ctrl,sca,m,2,3,173.4,pre
39,ctrl,sca,m,2,4,206,pre
39,ctrl,sca,m,3,1,111.5,pre
39,ctrl,sca,m,3,2,156.9,pre
39,ctrl,sca,m,3,3,185.9,pre
39,ctrl,sca,m,3,4,188.4,pre
40,eda,sca,m,1,1,94,pre
40,eda,sca,m,1,2,89.6,pre
40,eda,sca,m,1,3,97.9,pre
40,eda,sca,m,1,4,111,pre
40,eda,sca,m,2,1,85.4,pre
40,eda,sca,m,2,2,122.6,pre
40,eda,sca,m,2,3,116.9,pre
40,eda,sca,m,2,4,128.5,pre
40,eda,sca,m,3,1,99.9,pre
40,eda,sca,m,3,2,77.1,pre
40,eda,sca,m,3,3,126.2,pre
40,eda,sca,m,3,4,161.3,pre
41,ctrl,wt,m,1,1,128.6,pre
41,ctrl,wt,m,1,2,102.1,pre
41,ctrl,wt,m,1,3,107.2,pre
41,ctrl,wt,m,1,4,110.3,pre
41,ctrl,wt,m,2,1,155.4,pre
41,ctrl,wt,m,2,2,115.5,pre
41,ctrl,wt,m,2,3,161.9,pre
41,ctrl,wt,m,2,4,161.5,pre
41,ctrl,wt,m,3,1,139,pre
41,ctrl,wt,m,3,2,144.8,pre
41,ctrl,wt,m,3,3,143.5,pre
41,ctrl,wt,m,3,4,121.4,pre
44,eda,sca,f,1,1,27,pre
44,eda,sca,f,1,2,36,pre
44,eda,sca,f,1,3,103.2,pre
44,eda,sca,f,1,4,65.5,pre
44,eda,sca,f,2,1,121.6,pre
44,eda,sca,f,2,2,123.5,pre
44,eda,sca,f,2,3,140.5,pre
44,eda,sca,f,2,4,94.2,pre
44,eda,sca,f,3,1,120.8,pre
44,eda,sca,f,3,2,141.2,pre
44,eda,sca,f,3,3,104.2,pre
44,eda,sca,f,3,4,100.5,pre
45,ctrl,wt,m,1,1,99.5,pre
45,ctrl,wt,m,1,2,106.7,pre
45,ctrl,wt,m,1,3,133.3,pre
45,ctrl,wt,m,1,4,54.1,pre
45,ctrl,wt,m,2,1,86,pre
45,ctrl,wt,m,2,2,154.7,pre
45,ctrl,wt,m,2,3,202.3,pre
45,ctrl,wt,m,2,4,196.7,pre
45,ctrl,wt,m,3,1,164.8,pre
45,ctrl,wt,m,3,2,245.8,pre
45,ctrl,wt,m,3,3,214.7,pre
45,ctrl,wt,m,3,4,267.1,pre
46,eda,wt,m,1,1,79.2,pre
46,eda,wt,m,1,2,120.4,pre
46,eda,wt,m,1,3,88.1,pre
46,eda,wt,m,1,4,126.4,pre
46,eda,wt,m,2,1,96.3,pre
46,eda,wt,m,2,2,110.4,pre
46,eda,wt,m,2,3,127.9,pre
46,eda,wt,m,2,4,145.2,pre
46,eda,wt,m,3,1,112.7,pre
46,eda,wt,m,3,2,98.7,pre
46,eda,wt,m,3,3,138.6,pre
46,eda,wt,m,3,4,159.7,pre
47,ctrl,wt,m,1,1,75.5,pre
47,ctrl,wt,m,1,2,59.3,pre
47,ctrl,wt,m,1,3,124.1,pre
47,ctrl,wt,m,1,4,83.7,pre
47,ctrl,wt,m,2,1,120.1,pre
47,ctrl,wt,m,2,2,145.8,pre
47,ctrl,wt,m,2,3,197.6,pre
47,ctrl,wt,m,2,4,206.1,pre
47,ctrl,wt,m,3,1,174.6,pre
47,ctrl,wt,m,3,2,145.1,pre
47,ctrl,wt,m,3,3,187.3,pre
47,ctrl,wt,m,3,4,232.9,pre
50,ctrl,wt,f,1,1,60.8,pre
50,ctrl,wt,f,1,2,33.4,pre
50,ctrl,wt,f,1,3,63.2,pre
50,ctrl,wt,f,1,4,98.9,pre
50,ctrl,wt,f,2,1,126.8,pre
50,ctrl,wt,f,2,2,132.1,pre
50,ctrl,wt,f,2,3,123.7,pre
50,ctrl,wt,f,2,4,116.9,pre
50,ctrl,wt,f,3,1,130.6,pre
50,ctrl,wt,f,3,2,113.2,pre
50,ctrl,wt,f,3,3,135.4,pre
50,ctrl,wt,f,3,4,143.6,pre
52,ctrl,sca,f,1,1,115.6,pre
52,ctrl,sca,f,1,2,161.3,pre
52,ctrl,sca,f,1,3,129.9,pre
52,ctrl,sca,f,1,4,126.9,pre
52,ctrl,sca,f,2,1,40.4,pre
52,ctrl,sca,f,2,2,172.4,pre
52,ctrl,sca,f,2,3,165,pre
52,ctrl,sca,f,2,4,69.4,pre
52,ctrl,sca,f,3,1,104.9,pre
52,ctrl,sca,f,3,2,136.7,pre
52,ctrl,sca,f,3,3,168.1,pre
52,ctrl,sca,f,3,4,153.7,pre
53,eda,sca,m,1,1,89.6,pre
53,eda,sca,m,1,2,77.6,pre
53,eda,sca,m,1,3,108.1,pre
53,eda,sca,m,1,4,102.7,pre
53,eda,sca,m,2,1,108.3,pre
53,eda,sca,m,2,2,134.3,pre
53,eda,sca,m,2,3,119.6,pre
53,eda,sca,m,2,4,81.3,pre
53,eda,sca,m,3,1,109,pre
53,eda,sca,m,3,2,62.7,pre
53,eda,sca,m,3,3,169.3,pre
53,eda,sca,m,3,4,83,pre
54,eda,wt,m,1,1,107.2,pre
54,eda,wt,m,1,2,123.9,pre
54,eda,wt,m,1,3,145.6,pre
54,eda,wt,m,1,4,158.8,pre
54,eda,wt,m,2,1,197.9,pre
54,eda,wt,m,2,2,166.1,pre
54,eda,wt,m,2,3,200.6,pre
54,eda,wt,m,2,4,185.9,pre
54,eda,wt,m,3,1,179.8,pre
54,eda,wt,m,3,2,186.4,pre
54,eda,wt,m,3,3,203.8,pre
54,eda,wt,m,3,4,180.8,pre
65,ctrl,sca,f,1,1,97.2,pre
65,ctrl,sca,f,1,2,145.6,pre
65,ctrl,sca,f,1,3,131.9,pre
65,ctrl,sca,f,1,4,84.3,pre
65,ctrl,sca,f,2,1,107.4,pre
65,ctrl,sca,f,2,2,157.5,pre
65,ctrl,sca,f,2,3,158.9,pre
65,ctrl,sca,f,2,4,158.3,pre
65,ctrl,sca,f,3,1,193.6,pre
65,ctrl,sca,f,3,2,214.9,pre
65,ctrl,sca,f,3,3,173.1,pre
65,ctrl,sca,f,3,4,184.4,pre
67,ctrl,sca,f,1,1,138.8,pre
67,ctrl,sca,f,1,2,127.5,pre
67,ctrl,sca,f,1,3,110.7,pre
67,ctrl,sca,f,1,4,105.1,pre
67,ctrl,sca,f,2,1,98.9,pre
67,ctrl,sca,f,2,2,83.2,pre
67,ctrl,sca,f,2,3,146.8,pre
67,ctrl,sca,f,2,4,44.7,pre
67,ctrl,sca,f,3,1,136.2,pre
67,ctrl,sca,f,3,2,110.4,pre
67,ctrl,sca,f,3,3,171.2,pre
67,ctrl,sca,f,3,4,111.9,pre
68,eda,sca,f,1,1,71.3,pre
68,eda,sca,f,1,2,89.7,pre
68,eda,sca,f,1,3,88.4,pre
68,eda,sca,f,1,4,57.8,pre
68,eda,sca,f,2,1,74.8,pre
68,eda,sca,f,2,2,42.8,pre
68,eda,sca,f,2,3,92.9,pre
68,eda,sca,f,2,4,85.8,pre
68,eda,sca,f,3,1,46.8,pre
68,eda,sca,f,3,2,112.1,pre
68,eda,sca,f,3,3,69.1,pre
68,eda,sca,f,3,4,123.3,pre
72,eda,sca,f,1,1,59.3,pre
72,eda,sca,f,1,2,57.7,pre
72,eda,sca,f,1,3,124.8,pre
72,eda,sca,f,1,4,130.5,pre
72,eda,sca,f,2,1,160.3,pre
72,eda,sca,f,2,2,160.6,pre
72,eda,sca,f,2,3,162.7,pre
72,eda,sca,f,2,4,177.9,pre
72,eda,sca,f,3,1,199.6,pre
72,eda,sca,f,3,2,183.7,pre
72,eda,sca,f,3,3,151.8,pre
72,eda,sca,f,3,4,182.4,pre
74,eda,wt,m,1,1,84.4,pre
74,eda,wt,m,1,2,55.3,pre
74,eda,wt,m,1,3,97.5,pre
74,eda,wt,m,1,4,107.3,pre
74,eda,wt,m,2,1,98.6,pre
74,eda,wt,m,2,2,107.2,pre
74,eda,wt,m,2,3,62.4,pre
74,eda,wt,m,2,4,109.4,pre
74,eda,wt,m,3,1,11.7,pre
74,eda,wt,m,3,2,107.6,pre
74,eda,wt,m,3,3,162.2,pre
74,eda,wt,m,3,4,130.2,pre
78,eda,sca,f,1,1,105.1,pre
78,eda,sca,f,1,2,116.9,pre
78,eda,sca,f,1,3,49.4,pre
78,eda,sca,f,1,4,106.7,pre
78,eda,sca,f,2,1,137.2,pre
78,eda,sca,f,2,2,147.6,pre
78,eda,sca,f,2,3,140.3,pre
78,eda,sca,f,2,4,84.7,pre
78,eda,sca,f,3,1,158.2,pre
78,eda,sca,f,3,2,59.6,pre
78,eda,sca,f,3,3,114.4,pre
78,eda,sca,f,3,4,142.5,pre
79,eda,wt,m,1,1,91.8,pre
79,eda,wt,m,1,2,139,pre
79,eda,wt,m,1,3,153.4,pre
79,eda,wt,m,1,4,110.6,pre
79,eda,wt,m,2,1,126,pre
79,eda,wt,m,2,2,201.5,pre
79,eda,wt,m,2,3,180.9,pre
79,eda,wt,m,2,4,173.2,pre
79,eda,wt,m,3,1,119.3,pre
79,eda,wt,m,3,2,201.8,pre
79,eda,wt,m,3,3,187.1,pre
79,eda,wt,m,3,4,205.1,pre
80,ctrl,wt,m,1,1,104.5,pre
80,ctrl,wt,m,1,2,72.7,pre
80,ctrl,wt,m,1,3,122.3,pre
80,ctrl,wt,m,1,4,119.2,pre
80,ctrl,wt,m,2,1,94.3,pre
80,ctrl,wt,m,2,2,107.8,pre
80,ctrl,wt,m,2,3,131.2,pre
80,ctrl,wt,m,2,4,128.2,pre
80,ctrl,wt,m,3,1,156.6,pre
80,ctrl,wt,m,3,2,152.3,pre
80,ctrl,wt,m,3,3,157.4,pre
80,ctrl,wt,m,3,4,110.5,pre
81,ctrl,wt,m,1,1,58,pre
81,ctrl,wt,m,1,2,104.4,pre
81,ctrl,wt,m,1,3,86.6,pre
81,ctrl,wt,m,1,4,73,pre
81,ctrl,wt,m,2,1,93.5,pre
81,ctrl,wt,m,2,2,103.4,pre
81,ctrl,wt,m,2,3,130.7,pre
81,ctrl,wt,m,2,4,119.4,pre
81,ctrl,wt,m,3,1,108.6,pre
81,ctrl,wt,m,3,2,125.1,pre
81,ctrl,wt,m,3,3,119.5,pre
81,ctrl,wt,m,3,4,128.4,pre
82,eda,sca,m,1,1,2.3,pre
82,eda,sca,m,1,2,95.7,pre
82,eda,sca,m,1,3,65,pre
82,eda,sca,m,1,4,118.3,pre
82,eda,sca,m,2,1,140.4,pre
82,eda,sca,m,2,2,134,pre
82,eda,sca,m,2,3,152.7,pre
82,eda,sca,m,2,4,134.5,pre
82,eda,sca,m,3,1,131.1,pre
82,eda,sca,m,3,2,163.1,pre
82,eda,sca,m,3,3,162,pre
82,eda,sca,m,3,4,140,pre
84,ctrl,sca,f,1,1,89.6,pre
84,ctrl,sca,f,1,2,100,pre
84,ctrl,sca,f,1,3,78.7,pre
84,ctrl,sca,f,1,4,109.7,pre
84,ctrl,sca,f,2,1,106.7,pre
84,ctrl,sca,f,2,2,140.1,pre
84,ctrl,sca,f,2,3,120.6,pre
84,ctrl,sca,f,2,4,135.1,pre
84,ctrl,sca,f,3,1,99.8,pre
84,ctrl,sca,f,3,2,133.1,pre
84,ctrl,sca,f,3,3,193,pre
84,ctrl,sca,f,3,4,164.1,pre
85,eda,sca,f,1,1,67.4,pre
85,eda,sca,f,1,2,37.3,pre
85,eda,sca,f,1,3,72.8,pre
85,eda,sca,f,1,4,96.1,pre
85,eda,sca,f,2,1,89.6,pre
85,eda,sca,f,2,2,99.4,pre
85,eda,sca,f,2,3,108,pre
85,eda,sca,f,2,4,93.7,pre
85,eda,sca,f,3,1,69.2,pre
85,eda,sca,f,3,2,26.6,pre
85,eda,sca,f,3,3,54.1,pre
85,eda,sca,f,3,4,90.9,pre
93,ctrl,sca,m,1,1,87.6,pre
93,ctrl,sca,m,1,2,122.9,pre
93,ctrl,sca,m,1,3,152.4,pre
93,ctrl,sca,m,1,4,142.9,pre
93,ctrl,sca,m,2,1,135.3,pre
93,ctrl,sca,m,2,2,227.4,pre
93,ctrl,sca,m,2,3,138.9,pre
93,ctrl,sca,m,2,4,82.5,pre
93,ctrl,sca,m,3,1,145.9,pre
93,ctrl,sca,m,3,2,144,pre
93,ctrl,sca,m,3,3,109.7,pre
93,ctrl,sca,m,3,4,152.7,pre
94,ctrl,wt,m,1,1,145,pre
94,ctrl,wt,m,1,2,64.5,pre
94,ctrl,wt,m,1,3,136.8,pre
94,ctrl,wt,m,1,4,175.4,pre
94,ctrl,wt,m,2,1,196.4,pre
94,ctrl,wt,m,2,2,172.6,pre
94,ctrl,wt,m,2,3,239.6,pre
94,ctrl,wt,m,2,4,185.6,pre
94,ctrl,wt,m,3,1,195.9,pre
94,ctrl,wt,m,3,2,184.3,pre
94,ctrl,wt,m,3,3,150,pre
94,ctrl,wt,m,3,4,169.5,pre
98,eda,sca,f,1,1,97.2,pre
98,eda,sca,f,1,2,122.7,pre
98,eda,sca,f,1,3,134.3,pre
98,eda,sca,f,1,4,60.4,pre
98,eda,sca,f,2,1,157.7,pre
98,eda,sca,f,2,2,157.6,pre
98,eda,sca,f,2,3,142.8,pre
98,eda,sca,f,2,4,166.1,pre
98,eda,sca,f,3,1,167.2,pre
98,eda,sca,f,3,2,173.5,pre
98,eda,sca,f,3,3,120.5,pre
98,eda,sca,f,3,4,132.7,pre
99,eda,wt,f,1,1,112.7,pre
99,eda,wt,f,1,2,91,pre
99,eda,wt,f,1,3,89,pre
99,eda,wt,f,1,4,152.4,pre
99,eda,wt,f,2,1,121,pre
99,eda,wt,f,2,2,156.4,pre
99,eda,wt,f,2,3,93.2,pre
99,eda,wt,f,2,4,125.6,pre
99,eda,wt,f,3,1,53.7,pre
99,eda,wt,f,3,2,98.5,pre
99,eda,wt,f,3,3,90.6,pre
99,eda,wt,f,3,4,85.8,pre
100,eda,sca,m,1,1,119,pre
100,eda,sca,m,1,2,101.4,pre
100,eda,sca,m,1,3,70.4,pre
100,eda,sca,m,1,4,55.3,pre
100,eda,sca,m,2,1,122.5,pre
100,eda,sca,m,2,2,81,pre
100,eda,sca,m,2,3,95.1,pre
100,eda,sca,m,2,4,154.1,pre
100,eda,sca,m,3,1,87.7,pre
100,eda,sca,m,3,2,132.1,pre
100,eda,sca,m,3,3,170,pre
100,eda,sca,m,3,4,117.5,pre
101,ctrl,sca,m,1,1,139,pre
101,ctrl,sca,m,1,2,21.8,pre
101,ctrl,sca,m,1,3,141.4,pre
101,ctrl,sca,m,1,4,132.3,pre
101,ctrl,sca,m,2,1,130.6,pre
101,ctrl,sca,m,2,2,205,pre
101,ctrl,sca,m,2,3,144.1,pre
101,ctrl,sca,m,2,4,146,pre
101,ctrl,sca,m,3,1,113.2,pre
101,ctrl,sca,m,3,2,168,pre
101,ctrl,sca,m,3,3,213.3,pre
101,ctrl,sca,m,3,4,195.8,pre
102,ctrl,wt,m,1,1,117.2,pre
102,ctrl,wt,m,1,2,117.8,pre
102,ctrl,wt,m,1,3,72.5,pre
102,ctrl,wt,m,1,4,141,pre
102,ctrl,wt,m,2,1,136.1,pre
102,ctrl,wt,m,2,2,168.2,pre
102,ctrl,wt,m,2,3,195.3,pre
102,ctrl,wt,m,2,4,173.7,pre
102,ctrl,wt,m,3,1,138,pre
102,ctrl,wt,m,3,2,189.9,pre
102,ctrl,wt,m,3,3,227.9,pre
102,ctrl,wt,m,3,4,215.1,pre
103,ctrl,wt,m,1,1,39.4,pre
103,ctrl,wt,m,1,2,145.3,pre
103,ctrl,wt,m,1,3,111.2,pre
103,ctrl,wt,m,1,4,108.5,pre
103,ctrl,wt,m,2,1,70.3,pre
103,ctrl,wt,m,2,2,149.2,pre
103,ctrl,wt,m,2,3,148.7,pre
103,ctrl,wt,m,2,4,123.9,pre
103,ctrl,wt,m,3,1,166.6,pre
103,ctrl,wt,m,3,2,180.1,pre
103,ctrl,wt,m,3,3,173.1,pre
103,ctrl,wt,m,3,4,141,pre
104,ctrl,sca,m,1,1,95.9,pre
104,ctrl,sca,m,1,2,91.5,pre
104,ctrl,sca,m,1,3,118.7,pre
104,ctrl,sca,m,1,4,93.4,pre
104,ctrl,sca,m,2,1,67.4,pre
104,ctrl,sca,m,2,2,157.1,pre
104,ctrl,sca,m,2,3,183.1,pre
104,ctrl,sca,m,2,4,215.2,pre
104,ctrl,sca,m,3,1,142.5,pre
104,ctrl,sca,m,3,2,242.1,pre
104,ctrl,sca,m,3,3,182.1,pre
104,ctrl,sca,m,3,4,173.7,pre
105,eda,wt,m,1,1,119.9,pre
105,eda,wt,m,1,2,147.9,pre
105,eda,wt,m,1,3,123.1,pre
105,eda,wt,m,1,4,135.9,pre
105,eda,wt,m,2,1,175.7,pre
105,eda,wt,m,2,2,184.9,pre
105,eda,wt,m,2,3,130.1,pre
105,eda,wt,m,2,4,123.6,pre
105,eda,wt,m,3,1,102.5,pre
105,eda,wt,m,3,2,182.8,pre
105,eda,wt,m,3,3,171.3,pre
105,eda,wt,m,3,4,98.8,pre
106,ctrl,sca,f,1,1,33.6,pre
106,ctrl,sca,f,1,2,132.1,pre
106,ctrl,sca,f,1,3,147.2,pre
106,ctrl,sca,f,1,4,110.3,pre
106,ctrl,sca,f,2,1,110.1,pre
106,ctrl,sca,f,2,2,105.9,pre
106,ctrl,sca,f,2,3,113.2,pre
106,ctrl,sca,f,2,4,72.2,pre
106,ctrl,sca,f,3,1,138.5,pre
106,ctrl,sca,f,3,2,126.9,pre
106,ctrl,sca,f,3,3,143.5,pre
106,ctrl,sca,f,3,4,130.1,pre
107,eda,sca,f,1,1,106.6,pre
107,eda,sca,f,1,2,131.6,pre
107,eda,sca,f,1,3,170,pre
107,eda,sca,f,1,4,191.9,pre
107,eda,sca,f,2,1,227.2,pre
107,eda,sca,f,2,2,212.1,pre
107,eda,sca,f,2,3,201.3,pre
107,eda,sca,f,2,4,159.5,pre
107,eda,sca,f,3,1,155.5,pre
107,eda,sca,f,3,2,172.5,pre
107,eda,sca,f,3,3,147.3,pre
107,eda,sca,f,3,4,205.8,pre
109,eda,wt,f,1,1,196.4,pre
109,eda,wt,f,1,2,209.7,pre
109,eda,wt,f,1,3,130.4,pre
109,eda,wt,f,1,4,202.3,pre
109,eda,wt,f,2,1,142,pre
109,eda,wt,f,2,2,171.8,pre
109,eda,wt,f,2,3,139.9,pre
109,eda,wt,f,2,4,151.7,pre
109,eda,wt,f,3,1,94.2,pre
109,eda,wt,f,3,2,152.4,pre
109,eda,wt,f,3,3,121.6,pre
109,eda,wt,f,3,4,129.1,pre
110,ctrl,sca,f,1,1,16.2,pre
110,ctrl,sca,f,1,2,52.3,pre
110,ctrl,sca,f,1,3,136.9,pre
110,ctrl,sca,f,1,4,112.1,pre
110,ctrl,sca,f,2,1,90.3,pre
110,ctrl,sca,f,2,2,22.4,pre
110,ctrl,sca,f,2,3,107.7,pre
110,ctrl,sca,f,2,4,90.9,pre
110,ctrl,sca,f,3,1,54.4,pre
110,ctrl,sca,f,3,2,119.2,pre
110,ctrl,sca,f,3,3,83.3,pre
110,ctrl,sca,f,3,4,169,pre
111,ctrl,wt,f,1,1,108.5,pre
111,ctrl,wt,f,1,2,43.2,pre
111,ctrl,wt,f,1,3,50.9,pre
111,ctrl,wt,f,1,4,85.5,pre
111,ctrl,wt,f,2,1,54.1,pre
111,ctrl,wt,f,2,2,217.3,pre
111,ctrl,wt,f,2,3,62.8,pre
111,ctrl,wt,f,2,4,89.9,pre
111,ctrl,wt,f,3,1,186.2,pre
111,ctrl,wt,f,3,2,96.5,pre
111,ctrl,wt,f,3,3,260.6,pre
111,ctrl,wt,f,3,4,113.8,pre
114,eda,wt,m,1,1,50.3,pre
114,eda,wt,m,1,2,43.2,pre
114,eda,wt,m,1,3,144.9,pre
114,eda,wt,m,1,4,91.8,pre
114,eda,wt,m,2,1,136.2,pre
114,eda,wt,m,2,2,171.6,pre
114,eda,wt,m,2,3,143.2,pre
114,eda,wt,m,2,4,155.4,pre
114,eda,wt,m,3,1,179.7,pre
114,eda,wt,m,3,2,214.9,pre
114,eda,wt,m,3,3,190.5,pre
114,eda,wt,m,3,4,217.8,pre
115,eda,sca,m,1,1,39.8,pre
115,eda,sca,m,1,2,115.4,pre
115,eda,sca,m,1,3,109.9,pre
115,eda,sca,m,1,4,132.7,pre
115,eda,sca,m,2,1,131.3,pre
115,eda,sca,m,2,2,156.3,pre
115,eda,sca,m,2,3,107,pre
115,eda,sca,m,2,4,126.9,pre
115,eda,sca,m,3,1,109.4,pre
115,eda,sca,m,3,2,136.7,pre
115,eda,sca,m,3,3,147.7,pre
115,eda,sca,m,3,4,140.6,pre
119,eda,sca,m,1,1,69.2,pre
119,eda,sca,m,1,2,115.7,pre
119,eda,sca,m,1,3,93.5,pre
119,eda,sca,m,1,4,113.3,pre
119,eda,sca,m,2,1,47.8,pre
119,eda,sca,m,2,2,95.2,pre
119,eda,sca,m,2,3,191.9,pre
119,eda,sca,m,2,4,141.9,pre
119,eda,sca,m,3,1,127.3,pre
119,eda,sca,m,3,2,134.4,pre
119,eda,sca,m,3,3,104.9,pre
119,eda,sca,m,3,4,95.1,pre
123,ctrl,sca,f,1,1,112.5,pre
123,ctrl,sca,f,1,2,35.4,pre
123,ctrl,sca,f,1,3,96.8,pre
123,ctrl,sca,f,1,4,137.3,pre
123,ctrl,sca,f,2,1,162.3,pre
123,ctrl,sca,f,2,2,243.9,pre
123,ctrl,sca,f,2,3,209.2,pre
123,ctrl,sca,f,2,4,185,pre
123,ctrl,sca,f,3,1,134.4,pre
123,ctrl,sca,f,3,2,152.2,pre
123,ctrl,sca,f,3,3,141,pre
123,ctrl,sca,f,3,4,120.4,pre
124,eda,wt,f,1,1,66.5,pre
124,eda,wt,f,1,2,76.4,pre
124,eda,wt,f,1,3,101,pre
124,eda,wt,f,1,4,70.7,pre
124,eda,wt,f,2,1,87.5,pre
124,eda,wt,f,2,2,162.4,pre
124,eda,wt,f,2,3,129.7,pre
124,eda,wt,f,2,4,106.1,pre
124,eda,wt,f,3,1,102.5,pre
124,eda,wt,f,3,2,131.2,pre
124,eda,wt,f,3,3,85.2,pre
124,eda,wt,f,3,4,122.8,pre
132,ctrl,wt,f,1,1,135.1,pre
132,ctrl,wt,f,1,2,195.9,pre
132,ctrl,wt,f,1,3,98.6,pre
132,ctrl,wt,f,1,4,80,pre
132,ctrl,wt,f,2,1,152.8,pre
132,ctrl,wt,f,2,2,72.6,pre
132,ctrl,wt,f,2,3,88.3,pre
132,ctrl,wt,f,2,4,172.2,pre
132,ctrl,wt,f,3,1,193.7,pre
132,ctrl,wt,f,3,2,191.3,pre
132,ctrl,wt,f,3,3,207.9,pre
132,ctrl,wt,f,3,4,18.8,pre
133,eda,wt,f,1,1,171.8,pre
133,eda,wt,f,1,2,138,pre
133,eda,wt,f,1,3,155.2,pre
133,eda,wt,f,1,4,149.7,pre
133,eda,wt,f,2,1,101.8,pre
133,eda,wt,f,2,2,218.8,pre
133,eda,wt,f,2,3,249.9,pre
133,eda,wt,f,2,4,243.4,pre
133,eda,wt,f,3,1,257.3,pre
133,eda,wt,f,3,2,244.8,pre
133,eda,wt,f,3,3,210.9,pre
133,eda,wt,f,3,4,127.4,pre
134,ctrl,wt,f,1,1,158.3,pre
134,ctrl,wt,f,1,2,73.3,pre
134,ctrl,wt,f,1,3,119.5,pre
134,ctrl,wt,f,1,4,207.1,pre
134,ctrl,wt,f,2,1,170.5,pre
134,ctrl,wt,f,2,2,220.6,pre
134,ctrl,wt,f,2,3,193,pre
134,ctrl,wt,f,2,4,220,pre
134,ctrl,wt,f,3,1,199.1,pre
134,ctrl,wt,f,3,2,189.3,pre
134,ctrl,wt,f,3,3,131.9,pre
134,ctrl,wt,f,3,4,184.1,pre
137,ctrl,sca,m,1,1,44.7,pre
137,ctrl,sca,m,1,2,33.5,pre
137,ctrl,sca,m,1,3,94.6,pre
137,ctrl,sca,m,1,4,113.6,pre
137,ctrl,sca,m,2,1,93.1,pre
137,ctrl,sca,m,2,2,94.1,pre
137,ctrl,sca,m,2,3,89.6,pre
137,ctrl,sca,m,2,4,94.4,pre
137,ctrl,sca,m,3,1,92.8,pre
137,ctrl,sca,m,3,2,132.9,pre
137,ctrl,sca,m,3,3,104.1,pre
137,ctrl,sca,m,3,4,73.5,pre
138,eda,sca,m,1,1,53.2,pre
138,eda,sca,m,1,2,112.9,pre
138,eda,sca,m,1,3,200.7,pre
138,eda,sca,m,1,4,183.9,pre
138,eda,sca,m,2,1,138.3,pre
138,eda,sca,m,2,2,77.9,pre
138,eda,sca,m,2,3,257.1,pre
138,eda,sca,m,2,4,49.2,pre
138,eda,sca,m,3,1,167.1,pre
138,eda,sca,m,3,2,202.6,pre
138,eda,sca,m,3,3,171.8,pre
138,eda,sca,m,3,4,208,pre
139,ctrl,sca,m,1,1,131.7,pre
139,ctrl,sca,m,1,2,127.2,pre
139,ctrl,sca,m,1,3,149.4,pre
139,ctrl,sca,m,1,4,160.3,pre
139,ctrl,sca,m,2,1,172.5,pre
139,ctrl,sca,m,2,2,172.7,pre
139,ctrl,sca,m,2,3,194.5,pre
139,ctrl,sca,m,2,4,149.6,pre
139,ctrl,sca,m,3,1,70.1,pre
139,ctrl,sca,m,3,2,70,pre
139,ctrl,sca,m,3,3,163.4,pre
139,ctrl,sca,m,3,4,179.3,pre
141,ctrl,wt,f,1,1,56.3,pre
141,ctrl,wt,f,1,2,126.1,pre
141,ctrl,wt,f,1,3,80.8,pre
141,ctrl,wt,f,1,4,83.2,pre
141,ctrl,wt,f,2,1,87.1,pre
141,ctrl,wt,f,2,2,94.8,pre
141,ctrl,wt,f,2,3,97.7,pre
141,ctrl,wt,f,2,4,110.5,pre
141,ctrl,wt,f,3,1,75.4,pre
141,ctrl,wt,f,3,2,119.6,pre
141,ctrl,wt,f,3,3,118.8,pre
141,ctrl,wt,f,3,4,112.7,pre
144,eda,wt,f,1,1,125.6,pre
144,eda,wt,f,1,2,61.2,pre
144,eda,wt,f,1,3,130.6,pre
144,eda,wt,f,1,4,73.5,pre
144,eda,wt,f,2,1,143.7,pre
144,eda,wt,f,2,2,178,pre
144,eda,wt,f,2,3,160.1,pre
144,eda,wt,f,2,4,80.1,pre
144,eda,wt,f,3,1,124.6,pre
144,eda,wt,f,3,2,186.5,pre
144,eda,wt,f,3,3,209.7,pre
144,eda,wt,f,3,4,196.2,pre
145,eda,sca,m,1,1,106.1,pre
145,eda,sca,m,1,2,173.2,pre
145,eda,sca,m,1,3,83.9,pre
145,eda,sca,m,1,4,159.1,pre
145,eda,sca,m,2,1,83.3,pre
145,eda,sca,m,2,2,104.5,pre
145,eda,sca,m,2,3,156.4,pre
145,eda,sca,m,2,4,139.6,pre
145,eda,sca,m,3,1,150.5,pre
145,eda,sca,m,3,2,198.2,pre
145,eda,sca,m,3,3,175,pre
145,eda,sca,m,3,4,83.2,pre
146,ctrl,sca,m,1,1,105.9,pre
146,ctrl,sca,m,1,2,127.3,pre
146,ctrl,sca,m,1,3,116.7,pre
146,ctrl,sca,m,1,4,29.8,pre
146,ctrl,sca,m,2,1,69.6,pre
146,ctrl,sca,m,2,2,106,pre
146,ctrl,sca,m,2,3,75.6,pre
146,ctrl,sca,m,2,4,66.2,pre
146,ctrl,sca,m,3,1,80.8,pre
146,ctrl,sca,m,3,2,45.2,pre
146,ctrl,sca,m,3,3,56.5,pre
146,ctrl,sca,m,3,4,108.8,pre
148,eda,wt,f,1,1,45.2,pre
148,eda,wt,f,1,2,137.5,pre
148,eda,wt,f,1,3,112.6,pre
148,eda,wt,f,1,4,170.9,pre
148,eda,wt,f,2,1,180.7,pre
148,eda,wt,f,2,2,142.6,pre
148,eda,wt,f,2,3,194.1,pre
148,eda,wt,f,2,4,160.9,pre
148,eda,wt,f,3,1,173.2,pre
148,eda,wt,f,3,2,154.6,pre
148,eda,wt,f,3,3,157.4,pre
148,eda,wt,f,3,4,90.8,pre
149,ctrl,wt,f,1,1,35.4,pre
149,ctrl,wt,f,1,2,97.9,pre
149,ctrl,wt,f,1,3,160.8,pre
149,ctrl,wt,f,1,4,157.5,pre
149,ctrl,wt,f,2,1,143.4,pre
149,ctrl,wt,f,2,2,204.2,pre
149,ctrl,wt,f,2,3,149.5,pre
149,ctrl,wt,f,2,4,184,pre
149,ctrl,wt,f,3,1,172.4,pre
149,ctrl,wt,f,3,2,143,pre
149,ctrl,wt,f,3,3,147.6,pre
149,ctrl,wt,f,3,4,147.9,pre
7,eda,wt,m,1,1,103.4,post
7,eda,wt,m,1,2,148.2,post
7,eda,wt,m,1,3,150.4,post
7,eda,wt,m,1,4,202.9,post
7,eda,wt,m,2,1,171.5,post
7,eda,wt,m,2,2,202.8,post
7,eda,wt,m,2,3,211.6,post
7,eda,wt,m,2,4,171.5,post
7,eda,wt,m,3,1,163.5,post
7,eda,wt,m,3,2,177.6,post
7,eda,wt,m,3,3,181,post
7,eda,wt,m,3,4,149.4,post
9,ctrl,wt,m,1,1,162.3,post
9,ctrl,wt,m,1,2,124.4,post
9,ctrl,wt,m,1,3,117.9,post
9,ctrl,wt,m,1,4,70.9,post
9,ctrl,wt,m,2,1,58.6,post
9,ctrl,wt,m,2,2,79.3,post
9,ctrl,wt,m,2,3,101.1,post
9,ctrl,wt,m,2,4,97.5,post
9,ctrl,wt,m,3,1,127,post
9,ctrl,wt,m,3,2,110,post
9,ctrl,wt,m,3,3,170,post
9,ctrl,wt,m,3,4,166.4,post
11,ctrl,wt,f,1,1,152.8,post
11,ctrl,wt,f,1,2,184.7,post
11,ctrl,wt,f,1,3,92.4,post
11,ctrl,wt,f,1,4,148,post
11,ctrl,wt,f,2,1,83.5,post
11,ctrl,wt,f,2,2,170.3,post
11,ctrl,wt,f,2,3,153.9,post
11,ctrl,wt,f,2,4,137.3,post
11,ctrl,wt,f,3,1,114.9,post
11,ctrl,wt,f,3,2,96.8,post
11,ctrl,wt,f,3,3,158.2,post
11,ctrl,wt,f,3,4,165.7,post
12,eda,wt,f,1,1,154.9,post
12,eda,wt,f,1,2,217.9,post
12,eda,wt,f,1,3,61.9,post
12,eda,wt,f,1,4,140.6,post
12,eda,wt,f,2,1,190,post
12,eda,wt,f,2,2,197.6,post
12,eda,wt,f,2,3,228.3,post
12,eda,wt,f,2,4,147,post
12,eda,wt,f,3,1,130.4,post
12,eda,wt,f,3,2,243.8,post
12,eda,wt,f,3,3,241.2,post
12,eda,wt,f,3,4,79.8,post
13,eda,sca,m,1,1,108.1,post
13,eda,sca,m,1,2,117.7,post
13,eda,sca,m,1,3,160.3,post
13,eda,sca,m,1,4,135.3,post
13,eda,sca,m,2,1,131.6,post
13,eda,sca,m,2,2,128.2,post
13,eda,sca,m,2,3,130.3,post
13,eda,sca,m,2,4,143.4,post
13,eda,sca,m,3,1,106.1,post
13,eda,sca,m,3,2,165,post
13,eda,sca,m,3,3,82.2,post
13,eda,sca,m,3,4,145.6,post
14,eda,wt,m,1,1,143.7,post
14,eda,wt,m,1,2,113.7,post
14,eda,wt,m,1,3,157.3,post
14,eda,wt,m,1,4,124.8,post
14,eda,wt,m,2,1,123.9,post
14,eda,wt,m,2,2,168.6,post
14,eda,wt,m,2,3,208.2,post
14,eda,wt,m,2,4,190,post
14,eda,wt,m,3,1,182.2,post
14,eda,wt,m,3,2,197.4,post
14,eda,wt,m,3,3,187.2,post
14,eda,wt,m,3,4,176.1,post
15,ctrl,sca,f,1,1,61.3,post
15,ctrl,sca,f,1,2,101.9,post
15,ctrl,sca,f,1,3,101.5,post
15,ctrl,sca,f,1,4,52.4,post
15,ctrl,sca,f,2,1,89.6,post
15,ctrl,sca,f,2,2,39.1,post
15,ctrl,sca,f,2,3,60.2,post
15,ctrl,sca,f,2,4,28,post
15,ctrl,sca,f,3,1,33.8,post
15,ctrl,sca,f,3,2,66.3,post
15,ctrl,sca,f,3,3,58.5,post
15,ctrl,sca,f,3,4,42.7,post
16,ctrl,wt,f,1,1,155.2,post
16,ctrl,wt,f,1,2,141.4,post
16,ctrl,wt,f,1,3,137.3,post
16,ctrl,wt,f,1,4,210,post
16,ctrl,wt,f,2,1,181.7,post
16,ctrl,wt,f,2,2,168.8,post
16,ctrl,wt,f,2,3,175.4,post
16,ctrl,wt,f,2,4,175.5,post
16,ctrl,wt,f,3,1,182.1,post
16,ctrl,wt,f,3,2,211.1,post
16,ctrl,wt,f,3,3,199.1,post
16,ctrl,wt,f,3,4,205.3,post
18,ctrl,sca,m,1,1,101.5,post
18,ctrl,sca,m,1,2,100.2,post
18,ctrl,sca,m,1,3,157.2,post
18,ctrl,sca,m,1,4,92.3,post
18,ctrl,sca,m,2,1,88.2,post
18,ctrl,sca,m,2,2,109.7,post
18,ctrl,sca,m,2,3,135.6,post
18,ctrl,sca,m,2,4,81.5,post
18,ctrl,sca,m,3,1,144.6,post
18,ctrl,sca,m,3,2,126.1,post
18,ctrl,sca,m,3,3,151.2,post
18,ctrl,sca,m,3,4,114.2,post
19,eda,sca,f,1,1,113.8,post
19,eda,sca,f,1,2,135.3,post
19,eda,sca,f,1,3,162.1,post
19,eda,sca,f,1,4,139.6,post
19,eda,sca,f,2,1,135.9,post
19,eda,sca,f,2,2,168.6,post
19,eda,sca,f,2,3,122.3,post
19,eda,sca,f,2,4,122.6,post
19,eda,sca,f,3,1,120.8,post
19,eda,sca,f,3,2,119.8,post
19,eda,sca,f,3,3,114.1,post
19,eda,sca,f,3,4,155.9,post
20,ctrl,sca,f,1,1,127.5,post
20,ctrl,sca,f,1,2,35,post
20,ctrl,sca,f,1,3,158,post
20,ctrl,sca,f,1,4,152.8,post
20,ctrl,sca,f,2,1,110.6,post
20,ctrl,sca,f,2,2,142.8,post
20,ctrl,sca,f,2,3,140,post
20,ctrl,sca,f,2,4,142.6,post
20,ctrl,sca,f,3,1,141.9,post
20,ctrl,sca,f,3,2,41,post
20,ctrl,sca,f,3,3,163.9,post
20,ctrl,sca,f,3,4,142.5,post
21,eda,wt,f,1,1,148.8,post
21,eda,wt,f,1,2,169,post
21,eda,wt,f,1,3,174.8,post
21,eda,wt,f,1,4,162.5,post
21,eda,wt,f,2,1,163.3,post
21,eda,wt,f,2,2,176.7,post
21,eda,wt,f,2,3,199.5,post
21,eda,wt,f,2,4,200.1,post
21,eda,wt,f,3,1,183.8,post
21,eda,wt,f,3,2,197.2,post
21,eda,wt,f,3,3,213.7,post
21,eda,wt,f,3,4,183.1,post
23,ctrl,wt,m,1,1,93.8,post
23,ctrl,wt,m,1,2,88.6,post
23,ctrl,wt,m,1,3,155,post
23,ctrl,wt,m,1,4,112.7,post
23,ctrl,wt,m,2,1,105.8,post
23,ctrl,wt,m,2,2,168,post
23,ctrl,wt,m,2,3,211.3,post
23,ctrl,wt,m,2,4,190.7,post
23,ctrl,wt,m,3,1,151.8,post
23,ctrl,wt,m,3,2,205.1,post
23,ctrl,wt,m,3,3,222.3,post
23,ctrl,wt,m,3,4,231.4,post
24,ctrl,wt,m,1,1,130.1,post
24,ctrl,wt,m,1,2,134.6,post
24,ctrl,wt,m,1,3,113.7,post
24,ctrl,wt,m,1,4,146.1,post
24,ctrl,wt,m,2,1,136.7,post
24,ctrl,wt,m,2,2,147.5,post
24,ctrl,wt,m,2,3,111,post
24,ctrl,wt,m,2,4,155.1,post
24,ctrl,wt,m,3,1,111.1,post
24,ctrl,wt,m,3,2,135.3,post
24,ctrl,wt,m,3,3,109.7,post
24,ctrl,wt,m,3,4,201.5,post
25,eda,wt,m,1,1,92.2,post
25,eda,wt,m,1,2,88.1,post
25,eda,wt,m,1,3,97.4,post
25,eda,wt,m,1,4,143.6,post
25,eda,wt,m,2,1,106.7,post
25,eda,wt,m,2,2,125.8,post
25,eda,wt,m,2,3,139.5,post
25,eda,wt,m,2,4,136.3,post
25,eda,wt,m,3,1,94.9,post
25,eda,wt,m,3,2,143.8,post
25,eda,wt,m,3,3,146.8,post
25,eda,wt,m,3,4,179.3,post
26,eda,wt,m,1,1,104.5,post
26,eda,wt,m,1,2,121.7,post
26,eda,wt,m,1,3,130.9,post
26,eda,wt,m,1,4,190.4,post
26,eda,wt,m,2,1,111.1,post
26,eda,wt,m,2,2,168.4,post
26,eda,wt,m,2,3,121.4,post
26,eda,wt,m,2,4,180.1,post
26,eda,wt,m,3,1,33.4,post
26,eda,wt,m,3,2,85.6,post
26,eda,wt,m,3,3,96.9,post
26,eda,wt,m,3,4,139.6,post
28,ctrl,sca,f,1,1,117.2,post
28,ctrl,sca,f,1,2,82.9,post
28,ctrl,sca,f,1,3,98.2,post
28,ctrl,sca,f,1,4,79.5,post
28,ctrl,sca,f,2,1,89.1,post
28,ctrl,sca,f,2,2,119,post
28,ctrl,sca,f,2,3,154.7,post
28,ctrl,sca,f,2,4,161.7,post
28,ctrl,sca,f,3,1,131.8,post
28,ctrl,sca,f,3,2,124.2,post
28,ctrl,sca,f,3,3,139.5,post
28,ctrl,sca,f,3,4,133.7,post
29,ctrl,wt,f,1,1,86.5,post
29,ctrl,wt,f,1,2,106.1,post
29,ctrl,wt,f,1,3,53.7,post
29,ctrl,wt,f,1,4,120.1,post
29,ctrl,wt,f,2,1,66,post
29,ctrl,wt,f,2,2,148.9,post
29,ctrl,wt,f,2,3,136.2,post
29,ctrl,wt,f,2,4,141.1,post
29,ctrl,wt,f,3,1,72.7,post
29,ctrl,wt,f,3,2,128.5,post
29,ctrl,wt,f,3,3,138,post
29,ctrl,wt,f,3,4,88,post
30,eda,wt,f,1,1,186.6,post
30,eda,wt,f,1,2,201.7,post
30,eda,wt,f,1,3,188.9,post
30,eda,wt,f,1,4,193.8,post
30,eda,wt,f,2,1,199.8,post
30,eda,wt,f,2,2,240.3,post
30,eda,wt,f,2,3,244.7,post
30,eda,wt,f,2,4,245,post
30,eda,wt,f,3,1,190.2,post
30,eda,wt,f,3,2,222,post
30,eda,wt,f,3,3,174.9,post
30,eda,wt,f,3,4,207.7,post
31,eda,sca,f,1,1,111.5,post
31,eda,sca,f,1,2,137.6,post
31,eda,sca,f,1,3,106.1,post
31,eda,sca,f,1,4,159,post
31,eda,sca,f,2,1,99.5,post
31,eda,sca,f,2,2,110.2,post
31,eda,sca,f,2,3,78.2,post
31,eda,sca,f,2,4,104.7,post
31,eda,sca,f,3,1,95.3,post
31,eda,sca,f,3,2,130.6,post
31,eda,sca,f,3,3,118.9,post
31,eda,sca,f,3,4,130.2,post
32,eda,wt,f,1,1,136,post
32,eda,wt,f,1,2,127.4,post
32,eda,wt,f,1,3,124.5,post
32,eda,wt,f,1,4,146.1,post
32,eda,wt,f,2,1,99.3,post
32,eda,wt,f,2,2,89.9,post
32,eda,wt,f,2,3,149.2,post
32,eda,wt,f,2,4,131.8,post
32,eda,wt,f,3,1,122,post
32,eda,wt,f,3,2,148.6,post
32,eda,wt,f,3,3,104.2,post
32,eda,wt,f,3,4,120.1,post
33,eda,sca,f,1,1,91.9,post
33,eda,sca,f,1,2,107.3,post
33,eda,sca,f,1,3,135.2,post
33,eda,sca,f,1,4,138.4,post
33,eda,sca,f,2,1,77,post
33,eda,sca,f,2,2,133.5,post
33,eda,sca,f,2,3,131.9,post
33,eda,sca,f,2,4,118.9,post
33,eda,sca,f,3,1,107,post
33,eda,sca,f,3,2,120.4,post
33,eda,sca,f,3,3,116.8,post
33,eda,sca,f,3,4,118,post
36,eda,sca,m,1,1,72.3,post
36,eda,sca,m,1,2,69.2,post
36,eda,sca,m,1,3,89.1,post
36,eda,sca,m,1,4,94.1,post
36,eda,sca,m,2,1,58,post
36,eda,sca,m,2,2,102,post
36,eda,sca,m,2,3,88.8,post
36,eda,sca,m,2,4,110.7,post
36,eda,sca,m,3,1,68.4,post
36,eda,sca,m,3,2,100,post
36,eda,sca,m,3,3,100,post
36,eda,sca,m,3,4,72.2,post
37,ctrl,sca,m,1,1,60.7,post
37,ctrl,sca,m,1,2,46.6,post
37,ctrl,sca,m,1,3,65.6,post
37,ctrl,sca,m,1,4,65.4,post
37,ctrl,sca,m,2,1,40.7,post
37,ctrl,sca,m,2,2,64.7,post
37,ctrl,sca,m,2,3,83.1,post
37,ctrl,sca,m,2,4,123.9,post
37,ctrl,sca,m,3,1,79.3,post
37,ctrl,sca,m,3,2,59.2,post
37,ctrl,sca,m,3,3,48.4,post
37,ctrl,sca,m,3,4,66,post
38,ctrl,sca,m,1,1,66.5,post
38,ctrl,sca,m,1,2,75.3,post
38,ctrl,sca,m,1,3,72.5,post
38,ctrl,sca,m,1,4,56.6,post
38,ctrl,sca,m,2,1,62.1,post
38,ctrl,sca,m,2,2,104.7,post
38,ctrl,sca,m,2,3,82,post
38,ctrl,sca,m,2,4,92.5,post
38,ctrl,sca,m,3,1,142.1,post
38,ctrl,sca,m,3,2,61,post
38,ctrl,sca,m,3,3,69.2,post
38,ctrl,sca,m,3,4,66.1,post
39,ctrl,sca,m,1,1,130.9,post
39,ctrl,sca,m,1,2,146.2,post
39,ctrl,sca,m,1,3,138.9,post
39,ctrl,sca,m,1,4,159.7,post
39,ctrl,sca,m,2,1,147.7,post
39,ctrl,sca,m,2,2,118.9,post
39,ctrl,sca,m,2,3,154.1,post
39,ctrl,sca,m,2,4,111,post
39,ctrl,sca,m,3,1,171,post
39,ctrl,sca,m,3,2,81.5,post
39,ctrl,sca,m,3,3,149.3,post
39,ctrl,sca,m,3,4,145.5,post
40,eda,sca,m,1,1,96.8,post
40,eda,sca,m,1,2,52.1,post
40,eda,sca,m,1,3,60.5,post
40,eda,sca,m,1,4,59,post
40,eda,sca,m,2,1,72.3,post
40,eda,sca,m,2,2,90.1,post
40,eda,sca,m,2,3,81.1,post
40,eda,sca,m,2,4,94.5,post
40,eda,sca,m,3,1,99.1,post
40,eda,sca,m,3,2,127.8,post
40,eda,sca,m,3,3,99.1,post
40,eda,sca,m,3,4,152.4,post
41,ctrl,wt,m,1,1,154.3,post
41,ctrl,wt,m,1,2,146.2,post
41,ctrl,wt,m,1,3,139.7,post
41,ctrl,wt,m,1,4,154.7,post
41,ctrl,wt,m,2,1,124.6,post
41,ctrl,wt,m,2,2,182.7,post
41,ctrl,wt,m,2,3,164.9,post
41,ctrl,wt,m,2,4,157.1,post
41,ctrl,wt,m,3,1,215.1,post
41,ctrl,wt,m,3,2,208.2,post
41,ctrl,wt,m,3,3,189.1,post
41,ctrl,wt,m,3,4,185.2,post
44,eda,sca,f,1,1,31.2,post
44,eda,sca,f,1,2,98.1,post
44,eda,sca,f,1,3,89.4,post
44,eda,sca,f,1,4,116.8,post
44,eda,sca,f,2,1,126.9,post
44,eda,sca,f,2,2,119.3,post
44,eda,sca,f,2,3,162.7,post
44,eda,sca,f,2,4,126.9,post
44,eda,sca,f,3,1,138.8,post
44,eda,sca,f,3,2,155.9,post
44,eda,sca,f,3,3,149.4,post
44,eda,sca,f,3,4,137,post
45,ctrl,wt,m,1,1,153,post
45,ctrl,wt,m,1,2,43.7,post
45,ctrl,wt,m,1,3,149.6,post
45,ctrl,wt,m,1,4,77.1,post
45,ctrl,wt,m,2,1,120.1,post
45,ctrl,wt,m,2,2,181.7,post
45,ctrl,wt,m,2,3,151,post
45,ctrl,wt,m,2,4,166,post
45,ctrl,wt,m,3,1,153.7,post
45,ctrl,wt,m,3,2,172.8,post
45,ctrl,wt,m,3,3,177.2,post
45,ctrl,wt,m,3,4,201.8,post
46,eda,wt,m,1,1,62.9,post
46,eda,wt,m,1,2,92.7,post
46,eda,wt,m,1,3,107.4,post
46,eda,wt,m,1,4,147.2,post
46,eda,wt,m,2,1,103.5,post
46,eda,wt,m,2,2,112,post
46,eda,wt,m,2,3,139.1,post
46,eda,wt,m,2,4,80.8,post
46,eda,wt,m,3,1,111,post
46,eda,wt,m,3,2,121.6,post
46,eda,wt,m,3,3,115.9,post
46,eda,wt,m,3,4,126.9,post
47,ctrl,wt,m,1,1,91.5,post
47,ctrl,wt,m,1,2,114.3,post
47,ctrl,wt,m,1,3,146.8,post
47,ctrl,wt,m,1,4,123.6,post
47,ctrl,wt,m,2,1,163.6,post
47,ctrl,wt,m,2,2,165.6,post
47,ctrl,wt,m,2,3,170.1,post
47,ctrl,wt,m,2,4,113.6,post
47,ctrl,wt,m,3,1,28.3,post
47,ctrl,wt,m,3,2,173.7,post
47,ctrl,wt,m,3,3,120.2,post
47,ctrl,wt,m,3,4,149.5,post
50,ctrl,wt,f,1,1,117,post
50,ctrl,wt,f,1,2,119.9,post
50,ctrl,wt,f,1,3,68.6,post
50,ctrl,wt,f,1,4,138,post
50,ctrl,wt,f,2,1,108.9,post
50,ctrl,wt,f,2,2,139,post
50,ctrl,wt,f,2,3,117.9,post
50,ctrl,wt,f,2,4,160.8,post
50,ctrl,wt,f,3,1,70.9,post
50,ctrl,wt,f,3,2,120.5,post
50,ctrl,wt,f,3,3,108.2,post
50,ctrl,wt,f,3,4,145.8,post
52,ctrl,sca,f,1,1,103.2,post
52,ctrl,sca,f,1,2,138.8,post
52,ctrl,sca,f,1,3,146.2,post
52,ctrl,sca,f,1,4,129,post
52,ctrl,sca,f,2,1,161.6,post
52,ctrl,sca,f,2,2,155.4,post
52,ctrl,sca,f,2,3,185.2,post
52,ctrl,sca,f,2,4,209.5,post
52,ctrl,sca,f,3,1,181.4,post
52,ctrl,sca,f,3,2,142.3,post
52,ctrl,sca,f,3,3,175.1,post
52,ctrl,sca,f,3,4,190.6,post
53,eda,sca,m,1,1,123.6,post
53,eda,sca,m,1,2,82,post
53,eda,sca,m,1,3,91.2,post
53,eda,sca,m,1,4,96.1,post
53,eda,sca,m,2,1,64.5,post
53,eda,sca,m,2,2,108.1,post
53,eda,sca,m,2,3,94.3,post
53,eda,sca,m,2,4,120.7,post
53,eda,sca,m,3,1,103.5,post
53,eda,sca,m,3,2,113.4,post
53,eda,sca,m,3,3,144.5,post
53,eda,sca,m,3,4,72.7,post
54,eda,wt,m,1,1,76.1,post
54,eda,wt,m,1,2,90.9,post
54,eda,wt,m,1,3,114.4,post
54,eda,wt,m,1,4,199.4,post
54,eda,wt,m,2,1,51.3,post
54,eda,wt,m,2,2,125.1,post
54,eda,wt,m,2,3,116.1,post
54,eda,wt,m,2,4,113.6,post
54,eda,wt,m,3,1,106.9,post
54,eda,wt,m,3,2,137.6,post
54,eda,wt,m,3,3,133.5,post
54,eda,wt,m,3,4,150.1,post
65,ctrl,sca,f,1,1,49.3,post
65,ctrl,sca,f,1,2,45.6,post
65,ctrl,sca,f,1,3,74.2,post
65,ctrl,sca,f,1,4,71,post
65,ctrl,sca,f,2,1,50.1,post
65,ctrl,sca,f,2,2,50.8,post
65,ctrl,sca,f,2,3,58.8,post
65,ctrl,sca,f,2,4,68.7,post
65,ctrl,sca,f,3,1,51.2,post
65,ctrl,sca,f,3,2,32.2,post
65,ctrl,sca,f,3,3,34.9,post
65,ctrl,sca,f,3,4,56,post
67,ctrl,sca,f,1,1,131.5,post
67,ctrl,sca,f,1,2,65.8,post
67,ctrl,sca,f,1,3,58.7,post
67,ctrl,sca,f,1,4,84.6,post
67,ctrl,sca,f,2,1,91.1,post
67,ctrl,sca,f,2,2,105,post
67,ctrl,sca,f,2,3,138,post
67,ctrl,sca,f,2,4,54.4,post
67,ctrl,sca,f,3,1,75.6,post
67,ctrl,sca,f,3,2,31.5,post
67,ctrl,sca,f,3,3,35.3,post
67,ctrl,sca,f,3,4,75.8,post
68,eda,sca,f,1,1,82.3,post
68,eda,sca,f,1,2,73.3,post
68,eda,sca,f,1,3,87.6,post
68,eda,sca,f,1,4,76.6,post
68,eda,sca,f,2,1,76.2,post
68,eda,sca,f,2,2,122.5,post
68,eda,sca,f,2,3,104.9,post
68,eda,sca,f,2,4,139,post
68,eda,sca,f,3,1,136.2,post
68,eda,sca,f,3,2,182,post
68,eda,sca,f,3,3,116.5,post
68,eda,sca,f,3,4,94.2,post
72,eda,sca,f,1,1,151.4,post
72,eda,sca,f,1,2,142.5,post
72,eda,sca,f,1,3,135.5,post
72,eda,sca,f,1,4,157.9,post
72,eda,sca,f,2,1,131,post
72,eda,sca,f,2,2,157,post
72,eda,sca,f,2,3,193.5,post
72,eda,sca,f,2,4,143.3,post
72,eda,sca,f,3,1,162.3,post
72,eda,sca,f,3,2,169.9,post
72,eda,sca,f,3,3,151.6,post
72,eda,sca,f,3,4,150.4,post
74,eda,wt,m,1,1,90.3,post
74,eda,wt,m,1,2,121.3,post
74,eda,wt,m,1,3,121.7,post
74,eda,wt,m,1,4,103.5,post
74,eda,wt,m,2,1,143.1,post
74,eda,wt,m,2,2,138.7,post
74,eda,wt,m,2,3,135.1,post
74,eda,wt,m,2,4,140.5,post
74,eda,wt,m,3,1,190.5,post
74,eda,wt,m,3,2,148.5,post
74,eda,wt,m,3,3,197.2,post
74,eda,wt,m,3,4,198.3,post
78,eda,sca,f,1,1,87.1,post
78,eda,sca,f,1,2,118.2,post
78,eda,sca,f,1,3,140.8,post
78,eda,sca,f,1,4,135.2,post
78,eda,sca,f,2,1,108.8,post
78,eda,sca,f,2,2,95,post
78,eda,sca,f,2,3,95,post
78,eda,sca,f,2,4,105.1,post
78,eda,sca,f,3,1,54.2,post
78,eda,sca,f,3,2,99.2,post
78,eda,sca,f,3,3,74.1,post
78,eda,sca,f,3,4,106.2,post
79,eda,wt,m,1,1,167.3,post
79,eda,wt,m,1,2,108.7,post
79,eda,wt,m,1,3,172.5,post
79,eda,wt,m,1,4,123.9,post
79,eda,wt,m,2,1,97.8,post
79,eda,wt,m,2,2,91.8,post
79,eda,wt,m,2,3,103.5,post
79,eda,wt,m,2,4,146.4,post
79,eda,wt,m,3,1,92.6,post
79,eda,wt,m,3,2,110.7,post
79,eda,wt,m,3,3,141.2,post
79,eda,wt,m,3,4,137.8,post
80,ctrl,wt,m,1,1,72.5,post
80,ctrl,wt,m,1,2,163.6,post
80,ctrl,wt,m,1,3,164.6,post
80,ctrl,wt,m,1,4,171.7,post
80,ctrl,wt,m,2,1,168.6,post
80,ctrl,wt,m,2,2,114.3,post
80,ctrl,wt,m,2,3,176.3,post
80,ctrl,wt,m,2,4,74.2,post
80,ctrl,wt,m,3,1,165.7,post
80,ctrl,wt,m,3,2,151.6,post
80,ctrl,wt,m,3,3,148.4,post
80,ctrl,wt,m,3,4,183.3,post
81,ctrl,wt,m,1,1,20.8,post
81,ctrl,wt,m,1,2,60.8,post
81,ctrl,wt,m,1,3,83.2,post
81,ctrl,wt,m,1,4,88.6,post
81,ctrl,wt,m,2,1,101.9,post
81,ctrl,wt,m,2,2,100.6,post
81,ctrl,wt,m,2,3,115.2,post
81,ctrl,wt,m,2,4,101.7,post
81,ctrl,wt,m,3,1,137.2,post
81,ctrl,wt,m,3,2,111.7,post
81,ctrl,wt,m,3,3,142.7,post
81,ctrl,wt,m,3,4,137.7,post
82,eda,sca,m,1,1,91.6,post
82,eda,sca,m,1,2,91.1,post
82,eda,sca,m,1,3,39.6,post
82,eda,sca,m,1,4,36.9,post
82,eda,sca,m,2,1,105.5,post
82,eda,sca,m,2,2,76.7,post
82,eda,sca,m,2,3,81,post
82,eda,sca,m,2,4,92.8,post
82,eda,sca,m,3,1,90.5,post
82,eda,sca,m,3,2,105.4,post
82,eda,sca,m,3,3,128,post
82,eda,sca,m,3,4,102.2,post
84,ctrl,sca,f,1,1,46.1,post
84,ctrl,sca,f,1,2,100.9,post
84,ctrl,sca,f,1,3,128.6,post
84,ctrl,sca,f,1,4,107.6,post
84,ctrl,sca,f,2,1,76,post
84,ctrl,sca,f,2,2,136.8,post
84,ctrl,sca,f,2,3,138.9,post
84,ctrl,sca,f,2,4,115.9,post
84,ctrl,sca,f,3,1,85.6,post
84,ctrl,sca,f,3,2,105.2,post
84,ctrl,sca,f,3,3,115.5,post
84,ctrl,sca,f,3,4,129.3,post
85,eda,sca,f,1,1,74.3,post
85,eda,sca,f,1,2,88.9,post
85,eda,sca,f,1,3,79.2,post
85,eda,sca,f,1,4,93.2,post
85,eda,sca,f,2,1,77.2,post
85,eda,sca,f,2,2,59.8,post
85,eda,sca,f,2,3,128.4,post
85,eda,sca,f,2,4,80.3,post
85,eda,sca,f,3,1,100.3,post
85,eda,sca,f,3,2,86,post
85,eda,sca,f,3,3,91.3,post
85,eda,sca,f,3,4,84.8,post
93,ctrl,sca,m,1,1,85.1,post
93,ctrl,sca,m,1,2,101.4,post
93,ctrl,sca,m,1,3,71.3,post
93,ctrl,sca,m,1,4,64.4,post
93,ctrl,sca,m,2,1,67.4,post
93,ctrl,sca,m,2,2,126.3,post
93,ctrl,sca,m,2,3,90.3,post
93,ctrl,sca,m,2,4,101.9,post
93,ctrl,sca,m,3,1,103.2,post
93,ctrl,sca,m,3,2,69.8,post
93,ctrl,sca,m,3,3,118.9,post
93,ctrl,sca,m,3,4,107.3,post
94,ctrl,wt,m,1,1,36.8,post
94,ctrl,wt,m,1,2,148.5,post
94,ctrl,wt,m,1,3,92.1,post
94,ctrl,wt,m,1,4,159.7,post
94,ctrl,wt,m,2,1,175.5,post
94,ctrl,wt,m,2,2,177.3,post
94,ctrl,wt,m,2,3,146.5,post
94,ctrl,wt,m,2,4,95.7,post
94,ctrl,wt,m,3,1,128,post
94,ctrl,wt,m,3,2,156,post
94,ctrl,wt,m,3,3,90,post
94,ctrl,wt,m,3,4,119.1,post
98,eda,sca,f,1,1,61.6,post
98,eda,sca,f,1,2,117.9,post
98,eda,sca,f,1,3,80.3,post
98,eda,sca,f,1,4,69.8,post
98,eda,sca,f,2,1,135.2,post
98,eda,sca,f,2,2,129.7,post
98,eda,sca,f,2,3,102.2,post
98,eda,sca,f,2,4,133,post
98,eda,sca,f,3,1,88.4,post
98,eda,sca,f,3,2,139,post
98,eda,sca,f,3,3,137,post
98,eda,sca,f,3,4,154.8,post
99,eda,wt,f,1,1,82.3,post
99,eda,wt,f,1,2,148.2,post
99,eda,wt,f,1,3,73.6,post
99,eda,wt,f,1,4,104.3,post
99,eda,wt,f,2,1,138.2,post
99,eda,wt,f,2,2,123.1,post
99,eda,wt,f,2,3,85.7,post
99,eda,wt,f,2,4,98.1,post
99,eda,wt,f,3,1,89.4,post
99,eda,wt,f,3,2,135.1,post
99,eda,wt,f,3,3,124.8,post
99,eda,wt,f,3,4,94.8,post
100,eda,sca,m,1,1,89.9,post
100,eda,sca,m,1,2,102.2,post
100,eda,sca,m,1,3,65.8,post
100,eda,sca,m,1,4,109.8,post
100,eda,sca,m,2,1,124.7,post
100,eda,sca,m,2,2,99.7,post
100,eda,sca,m,2,3,97.3,post
100,eda,sca,m,2,4,89.1,post
100,eda,sca,m,3,1,92.9,post
100,eda,sca,m,3,2,96.4,post
100,eda,sca,m,3,3,66.6,post
100,eda,sca,m,3,4,94.8,post
101,ctrl,sca,m,1,1,180,post
101,ctrl,sca,m,1,2,76.4,post
101,ctrl,sca,m,1,3,67.5,post
101,ctrl,sca,m,1,4,102.6,post
101,ctrl,sca,m,2,1,65.2,post
101,ctrl,sca,m,2,2,128.5,post
101,ctrl,sca,m,2,3,148.6,post
101,ctrl,sca,m,2,4,155.8,post
101,ctrl,sca,m,3,1,171.7,post
101,ctrl,sca,m,3,2,119.7,post
101,ctrl,sca,m,3,3,87.3,post
101,ctrl,sca,m,3,4,117.4,post
102,ctrl,wt,m,1,1,91.9,post
102,ctrl,wt,m,1,2,97.7,post
102,ctrl,wt,m,1,3,157,post
102,ctrl,wt,m,1,4,164.6,post
102,ctrl,wt,m,2,1,100.7,post
102,ctrl,wt,m,2,2,159.3,post
102,ctrl,wt,m,2,3,108.1,post
102,ctrl,wt,m,2,4,146,post
102,ctrl,wt,m,3,1,109.3,post
102,ctrl,wt,m,3,2,85.9,post
102,ctrl,wt,m,3,3,110.3,post
102,ctrl,wt,m,3,4,109.5,post
103,ctrl,wt,m,1,1,78.6,post
103,ctrl,wt,m,1,2,49.6,post
103,ctrl,wt,m,1,3,31.7,post
103,ctrl,wt,m,1,4,59.1,post
103,ctrl,wt,m,2,1,145.6,post
103,ctrl,wt,m,2,2,175.5,post
103,ctrl,wt,m,2,3,176.4,post
103,ctrl,wt,m,2,4,184.8,post
103,ctrl,wt,m,3,1,115.9,post
103,ctrl,wt,m,3,2,154.7,post
103,ctrl,wt,m,3,3,225.1,post
103,ctrl,wt,m,3,4,132.9,post
104,ctrl,sca,m,1,1,113.1,post
104,ctrl,sca,m,1,2,117,post
104,ctrl,sca,m,1,3,168.8,post
104,ctrl,sca,m,1,4,146.6,post
104,ctrl,sca,m,2,1,109.8,post
104,ctrl,sca,m,2,2,139.1,post
104,ctrl,sca,m,2,3,126.3,post
104,ctrl,sca,m,2,4,89.1,post
104,ctrl,sca,m,3,1,135.6,post
104,ctrl,sca,m,3,2,136.1,post
104,ctrl,sca,m,3,3,140.1,post
104,ctrl,sca,m,3,4,157.4,post
105,eda,wt,m,1,1,117.5,post
105,eda,wt,m,1,2,167.5,post
105,eda,wt,m,1,3,162.2,post
105,eda,wt,m,1,4,160.1,post
105,eda,wt,m,2,1,125.9,post
105,eda,wt,m,2,2,130.3,post
105,eda,wt,m,2,3,145.2,post
105,eda,wt,m,2,4,140.8,post
105,eda,wt,m,3,1,92.7,post
105,eda,wt,m,3,2,149.2,post
105,eda,wt,m,3,3,172.1,post
105,eda,wt,m,3,4,151.2,post
106,ctrl,sca,f,1,1,40.5,post
106,ctrl,sca,f,1,2,107.4,post
106,ctrl,sca,f,1,3,107.4,post
106,ctrl,sca,f,1,4,133.3,post
106,ctrl,sca,f,2,1,129.5,post
106,ctrl,sca,f,2,2,125.9,post
106,ctrl,sca,f,2,3,132.7,post
106,ctrl,sca,f,2,4,163.3,post
106,ctrl,sca,f,3,1,133.2,post
106,ctrl,sca,f,3,2,114.7,post
106,ctrl,sca,f,3,3,166.6,post
106,ctrl,sca,f,3,4,162.2,post
107,eda,sca,f,1,1,121.2,post
107,eda,sca,f,1,2,180.7,post
107,eda,sca,f,1,3,180.1,post
107,eda,sca,f,1,4,159.8,post
107,eda,sca,f,2,1,130.1,post
107,eda,sca,f,2,2,143.2,post
107,eda,sca,f,2,3,159.1,post
107,eda,sca,f,2,4,142.5,post
107,eda,sca,f,3,1,91.2,post
107,eda,sca,f,3,2,126.2,post
107,eda,sca,f,3,3,31.5,post
107,eda,sca,f,3,4,98.8,post
109,eda,wt,f,1,1,108.2,post
109,eda,wt,f,1,2,133.1,post
109,eda,wt,f,1,3,131.1,post
109,eda,wt,f,1,4,115.4,post
109,eda,wt,f,2,1,138,post
109,eda,wt,f,2,2,147.8,post
109,eda,wt,f,2,3,158.9,post
109,eda,wt,f,2,4,148.1,post
109,eda,wt,f,3,1,143.8,post
109,eda,wt,f,3,2,181.9,post
109,eda,wt,f,3,3,152.4,post
109,eda,wt,f,3,4,125.9,post
110,ctrl,sca,f,1,1,57,post
110,ctrl,sca,f,1,2,47.6,post
110,ctrl,sca,f,1,3,38.5,post
110,ctrl,sca,f,1,4,56.3,post
110,ctrl,sca,f,2,1,97.1,post
110,ctrl,sca,f,2,2,94.3,post
110,ctrl,sca,f,2,3,75.3,post
110,ctrl,sca,f,2,4,153.3,post
110,ctrl,sca,f,3,1,61.5,post
110,ctrl,sca,f,3,2,98.9,post
110,ctrl,sca,f,3,3,152.9,post
110,ctrl,sca,f,3,4,129.1,post
111,ctrl,wt,f,1,1,147,post
111,ctrl,wt,f,1,2,163.2,post
111,ctrl,wt,f,1,3,164.1,post
111,ctrl,wt,f,1,4,235.1,post
111,ctrl,wt,f,2,1,155.9,post
111,ctrl,wt,f,2,2,228.9,post
111,ctrl,wt,f,2,3,203.5,post
111,ctrl,wt,f,2,4,242,post
111,ctrl,wt,f,3,1,178.1,post
111,ctrl,wt,f,3,2,192.6,post
111,ctrl,wt,f,3,3,193.5,post
111,ctrl,wt,f,3,4,191.3,post
114,eda,wt,m,1,1,101.6,post
114,eda,wt,m,1,2,139.5,post
114,eda,wt,m,1,3,97.5,post
114,eda,wt,m,1,4,123,post
114,eda,wt,m,2,1,144.5,post
114,eda,wt,m,2,2,117,post
114,eda,wt,m,2,3,143.9,post
114,eda,wt,m,2,4,136.7,post
114,eda,wt,m,3,1,196.3,post
114,eda,wt,m,3,2,184.2,post
114,eda,wt,m,3,3,156.5,post
114,eda,wt,m,3,4,154.2,post
115,eda,sca,m,1,1,112.4,post
115,eda,sca,m,1,2,116.3,post
115,eda,sca,m,1,3,98.4,post
115,eda,sca,m,1,4,87.7,post
115,eda,sca,m,2,1,122.8,post
115,eda,sca,m,2,2,132,post
115,eda,sca,m,2,3,151.4,post
115,eda,sca,m,2,4,128.4,post
115,eda,sca,m,3,1,87.3,post
115,eda,sca,m,3,2,141.6,post
115,eda,sca,m,3,3,131.9,post
115,eda,sca,m,3,4,122.5,post
119,eda,sca,m,1,1,51.4,post
119,eda,sca,m,1,2,47.7,post
119,eda,sca,m,1,3,33.4,post
119,eda,sca,m,1,4,51.3,post
119,eda,sca,m,2,1,30.6,post
119,eda,sca,m,2,2,16.1,post
119,eda,sca,m,2,3,31.2,post
119,eda,sca,m,2,4,59.5,post
119,eda,sca,m,3,1,111.3,post
119,eda,sca,m,3,2,106.3,post
119,eda,sca,m,3,3,75,post
119,eda,sca,m,3,4,78.9,post
123,ctrl,sca,f,1,1,115.3,post
123,ctrl,sca,f,1,2,118.8,post
123,ctrl,sca,f,1,3,150,post
123,ctrl,sca,f,1,4,150.5,post
123,ctrl,sca,f,2,1,208.7,post
123,ctrl,sca,f,2,2,209.1,post
123,ctrl,sca,f,2,3,184.7,post
123,ctrl,sca,f,2,4,170,post
123,ctrl,sca,f,3,1,80.1,post
123,ctrl,sca,f,3,2,92.2,post
123,ctrl,sca,f,3,3,91.9,post
123,ctrl,sca,f,3,4,69.3,post
124,eda,wt,f,1,1,140.7,post
124,eda,wt,f,1,2,165.2,post
124,eda,wt,f,1,3,167.1,post
124,eda,wt,f,1,4,155.9,post
124,eda,wt,f,2,1,72.3,post
124,eda,wt,f,2,2,121.2,post
124,eda,wt,f,2,3,145.3,post
124,eda,wt,f,2,4,180.3,post
124,eda,wt,f,3,1,65.4,post
124,eda,wt,f,3,2,179.1,post
124,eda,wt,f,3,3,86.9,post
124,eda,wt,f,3,4,116,post
132,ctrl,wt,f,1,1,153,post
132,ctrl,wt,f,1,2,190.5,post
132,ctrl,wt,f,1,3,119.4,post
132,ctrl,wt,f,1,4,68.7,post
132,ctrl,wt,f,2,1,143.4,post
132,ctrl,wt,f,2,2,110.9,post
132,ctrl,wt,f,2,3,199.7,post
132,ctrl,wt,f,2,4,186.5,post
132,ctrl,wt,f,3,1,130.3,post
132,ctrl,wt,f,3,2,112.5,post
132,ctrl,wt,f,3,3,101.4,post
132,ctrl,wt,f,3,4,194.9,post
133,eda,wt,f,1,1,215.7,post
133,eda,wt,f,1,2,253.8,post
133,eda,wt,f,1,3,232.5,post
133,eda,wt,f,1,4,200.4,post
133,eda,wt,f,2,1,213.8,post
133,eda,wt,f,2,2,222.7,post
133,eda,wt,f,2,3,232.2,post
133,eda,wt,f,2,4,210.6,post
133,eda,wt,f,3,1,241.9,post
133,eda,wt,f,3,2,253.3,post
133,eda,wt,f,3,3,281.6,post
133,eda,wt,f,3,4,241.9,post
134,ctrl,wt,f,1,1,122.3,post
134,ctrl,wt,f,1,2,154.5,post
134,ctrl,wt,f,1,3,189.4,post
134,ctrl,wt,f,1,4,175.1,post
134,ctrl,wt,f,2,1,173.8,post
134,ctrl,wt,f,2,2,188.5,post
134,ctrl,wt,f,2,3,227.2,post
134,ctrl,wt,f,2,4,216.5,post
134,ctrl,wt,f,3,1,217.8,post
134,ctrl,wt,f,3,2,222.9,post
134,ctrl,wt,f,3,3,234.7,post
134,ctrl,wt,f,3,4,245.4,post
137,ctrl,sca,m,1,1,85.3,post
137,ctrl,sca,m,1,2,62,post
137,ctrl,sca,m,1,3,95.8,post
137,ctrl,sca,m,1,4,136,post
137,ctrl,sca,m,2,1,102.3,post
137,ctrl,sca,m,2,2,110.6,post
137,ctrl,sca,m,2,3,147.4,post
137,ctrl,sca,m,2,4,111.6,post
137,ctrl,sca,m,3,1,86.2,post
137,ctrl,sca,m,3,2,99.9,post
137,ctrl,sca,m,3,3,72.4,post
137,ctrl,sca,m,3,4,83.2,post
138,eda,sca,m,1,1,132.7,post
138,eda,sca,m,1,2,121.6,post
138,eda,sca,m,1,3,133.2,post
138,eda,sca,m,1,4,134.2,post
138,eda,sca,m,2,1,147.4,post
138,eda,sca,m,2,2,159.3,post
138,eda,sca,m,2,3,163.7,post
138,eda,sca,m,2,4,156.1,post
138,eda,sca,m,3,1,156.4,post
138,eda,sca,m,3,2,139.2,post
138,eda,sca,m,3,3,151.1,post
138,eda,sca,m,3,4,128.4,post
139,ctrl,sca,m,1,1,110.3,post
139,ctrl,sca,m,1,2,123.3,post
139,ctrl,sca,m,1,3,155.3,post
139,ctrl,sca,m,1,4,187.8,post
139,ctrl,sca,m,2,1,97.1,post
139,ctrl,sca,m,2,2,158,post
139,ctrl,sca,m,2,3,137.7,post
139,ctrl,sca,m,2,4,196.5,post
139,ctrl,sca,m,3,1,173,post
139,ctrl,sca,m,3,2,115.8,post
139,ctrl,sca,m,3,3,119.2,post
139,ctrl,sca,m,3,4,207.2,post
141,ctrl,wt,f,1,1,63.4,post
141,ctrl,wt,f,1,2,113.9,post
141,ctrl,wt,f,1,3,138.9,post
141,ctrl,wt,f,1,4,111.9,post
141,ctrl,wt,f,2,1,55.3,post
141,ctrl,wt,f,2,2,111.1,post
141,ctrl,wt,f,2,3,173.5,post
141,ctrl,wt,f,2,4,132.8,post
141,ctrl,wt,f,3,1,129,post
141,ctrl,wt,f,3,2,142,post
141,ctrl,wt,f,3,3,157.6,post
141,ctrl,wt,f,3,4,123.6,post
144,eda,wt,f,1,1,107.7,post
144,eda,wt,f,1,2,87.2,post
144,eda,wt,f,1,3,101.4,post
144,eda,wt,f,1,4,114.9,post
144,eda,wt,f,2,1,65.6,post
144,eda,wt,f,2,2,157.9,post
144,eda,wt,f,2,3,193.1,post
144,eda,wt,f,2,4,153.3,post
144,eda,wt,f,3,1,138.2,post
144,eda,wt,f,3,2,125.7,post
144,eda,wt,f,3,3,130.9,post
144,eda,wt,f,3,4,111.7,post
145,eda,sca,m,1,1,113.5,post
145,eda,sca,m,1,2,141.8,post
145,eda,sca,m,1,3,114.1,post
145,eda,sca,m,1,4,142.1,post
145,eda,sca,m,2,1,141.2,post
145,eda,sca,m,2,2,178.3,post
145,eda,sca,m,2,3,154.1,post
145,eda,sca,m,2,4,191.5,post
145,eda,sca,m,3,1,125.5,post
145,eda,sca,m,3,2,191.4,post
145,eda,sca,m,3,3,185.7,post
145,eda,sca,m,3,4,184.8,post
146,ctrl,sca,m,1,1,87.3,post
146,ctrl,sca,m,1,2,101.6,post
146,ctrl,sca,m,1,3,81,post
146,ctrl,sca,m,1,4,78.9,post
146,ctrl,sca,m,2,1,55.4,post
146,ctrl,sca,m,2,2,70.1,post
146,ctrl,sca,m,2,3,92.4,post
146,ctrl,sca,m,2,4,104.7,post
146,ctrl,sca,m,3,1,75.7,post
146,ctrl,sca,m,3,2,66.4,post
146,ctrl,sca,m,3,3,62.6,post
146,ctrl,sca,m,3,4,88.1,post
148,eda,wt,f,1,1,151.7,post
148,eda,wt,f,1,2,69.1,post
148,eda,wt,f,1,3,54.3,post
148,eda,wt,f,1,4,59.5,post
148,eda,wt,f,2,1,135,post
148,eda,wt,f,2,2,52.8,post
148,eda,wt,f,2,3,162,post
148,eda,wt,f,2,4,119.6,post
148,eda,wt,f,3,1,138.1,post
148,eda,wt,f,3,2,163.1,post
148,eda,wt,f,3,3,176,post
148,eda,wt,f,3,4,93.6,post
149,ctrl,wt,f,1,1,112.1,post
149,ctrl,wt,f,1,2,218,post
149,ctrl,wt,f,1,3,40.3,post
149,ctrl,wt,f,1,4,186.2,post
149,ctrl,wt,f,2,1,181.2,post
149,ctrl,wt,f,2,2,208.9,post
149,ctrl,wt,f,2,3,147.3,post
149,ctrl,wt,f,2,4,249.2,post
149,ctrl,wt,f,3,1,186.8,post
149,ctrl,wt,f,3,2,252.8,post
149,ctrl,wt,f,3,3,219.5,post
149,ctrl,wt,f,3,4,291.2,post
